{
    "train_loss": [
        3.1912575710047166,
        1.705174535106898,
        1.3164120274278708,
        1.1444185536141616,
        1.035138971799076,
        0.998477571341907,
        0.9701317141101535,
        0.9647864093572632,
        0.9737536825990807,
        1.006407008752511,
        1.058153088882119,
        0.9290748168727033
    ],
    "train_acc": [
        0.4521032016348774,
        0.6754512942779292,
        0.7451038828337875,
        0.7757152588555858,
        0.7972155994550408,
        0.804283038147139,
        0.8125425749318801,
        0.8120742506811989,
        0.8116485013623979,
        0.8055602861035422,
        0.799216621253406,
        0.8314032697547684
    ],
    "val_eer": [
        14.514576828892581,
        11.458667488224513,
        10.585550533747925,
        11.458667488224513,
        10.585550533747925,
        11.094207064338777,
        10.04084497648079,
        11.458667488224513,
        11.386569434871955,
        10.148992056509629,
        13.569361821063428,
        10.513452480395365
    ],
    "val_mindcf": [
        0.5032444124008651,
        0.44917087238644554,
        0.3583273251622206,
        0.3460706560922855,
        0.31146359048305694,
        0.3627199070030402,
        0.3691420331651045,
        0.4160057678442682,
        0.33525594808940157,
        0.33741888968997835,
        0.3453496755587599,
        0.3230659776591325
    ]
}