{
    "train_loss": [
        5.896790747451902,
        5.938069739805515,
        6.419252982183114,
        6.964777476539168,
        7.544172485406796,
        8.132409995405938,
        8.714349143340748,
        9.306158234797675,
        9.874597011814712,
        10.301542843142357
    ],
    "train_acc": [
        0.1289001022977652,
        0.11375879281753634,
        0.09103303636240441,
        0.07889394390346646,
        0.07014068508761688,
        0.06460005508341203,
        0.060358461291582885,
        0.057675283286118983,
        0.05545505398909626,
        0.058058899905571296
    ],
    "val_eer": [
        31.265065335983422,
        31.362027197651166,
        29.425508521165476,
        28.045840910052018,
        27.58595170634753,
        28.045840910052018,
        27.58595170634753,
        27.58595170634753,
        27.98119966894019,
        27.58595170634753
    ],
    "val_mindcf": [
        0.9502262443438914,
        0.967032967032967,
        0.9767291531997414,
        0.9689722042663219,
        0.9437621202327084,
        0.9638009049773756,
        0.9773755656108597,
        0.9806076276664512,
        0.9827734113055709,
        0.9851325145442793
    ]
}