{
    "train_loss": [
        2.6747688496794946,
        1.1951699725451197,
        0.8496500694621811,
        0.6993250824937378,
        0.6424052699060466,
        0.6192344599263869,
        0.6297846706507966,
        0.6477693272221641,
        0.6840706399416079,
        0.7202865385554467,
        0.7678070897464856,
        0.8423352483507723,
        0.8797404927681187,
        0.983484953804302,
        1.047991083574555,
        0.803893011337405
    ],
    "train_acc": [
        0.5405739100817438,
        0.775417234332425,
        0.837108310626703,
        0.8680177111716622,
        0.8762346730245232,
        0.8793426430517711,
        0.8778950953678474,
        0.8750851498637602,
        0.8664424386920981,
        0.8633770435967303,
        0.8509451634877384,
        0.8372786103542235,
        0.8316587193460491,
        0.8135217983651226,
        0.8006215940054496,
        0.8595027247956403
    ],
    "val_eer": [
        11.530765541577074,
        9.78453163262389,
        9.676384552595053,
        9.167728022004201,
        10.585550533747925,
        11.094207064338777,
        8.366709120880166,
        9.78453163262389,
        10.148992056509629,
        9.23982607535676,
        7.8220035636130305,
        8.366709120880166,
        9.676384552595053,
        8.402758147556447,
        9.23982607535676,
        8.839316624794744
    ],
    "val_mindcf": [
        0.410958904109589,
        0.33741888968997835,
        0.2465753424657534,
        0.25666906993511174,
        0.22206200432588322,
        0.24008651766402309,
        0.25306416726748376,
        0.20259552992069213,
        0.17303532804614274,
        0.2465753424657534,
        0.19826964671953856,
        0.21845710165825524,
        0.29776496034607064,
        0.21341023792357605,
        0.2581110310021629,
        0.24224945926459984
    ]
}