{
    "train_loss": [
        5.353784239588573,
        3.2255405647633846,
        2.6432763882541868,
        2.3902674990327695,
        2.2502047324053027,
        2.159822470480667,
        2.104842188919645,
        1.7765535000250856,
        1.7422555064794811,
        1.795290208065476,
        1.8950069319312588,
        2.0208091258177188,
        1.8177699109912857
    ],
    "train_acc": [
        0.37540029560127536,
        0.5194936688305786,
        0.5732645731622181,
        0.5972367628850688,
        0.6120906806344839,
        0.6225084164700194,
        0.628193383832979,
        0.6770989431462875,
        0.6808083063031954,
        0.671450755094859,
        0.6541989127119495,
        0.6359557399668707,
        0.6681791083370697
    ],
    "val_eer": [
        15.399999999999881,
        14.28999999999351,
        13.849999999999993,
        14.059999999999972,
        14.380000000000004,
        14.529999999996166,
        15.630000000066099,
        12.450000000000006,
        13.410000000121766,
        15.39000000001218,
        15.960000000000694,
        17.149999999953835,
        17.89999999999935
    ],
    "val_mindcf": [
        0.029670000000000005,
        0.028350000000000004,
        0.027030000000000002,
        0.02687,
        0.026834999999999998,
        0.026525,
        0.028024999999999998,
        0.024335000000000002,
        0.025530000000000004,
        0.02778,
        0.028145,
        0.030975000000000003,
        0.029225
    ]
}