{
    "train_loss": [
        3.245953752494313,
        1.7507145364213055,
        1.357706183146391,
        1.1742216499689815,
        1.0537886071432514,
        1.0125020603555426,
        0.9852581829725884,
        0.974992735915353,
        1.0146576023231735,
        1.0170903022347744,
        1.0713042600603129,
        1.1079604104364276,
        0.9783131967448409
    ],
    "train_acc": [
        0.4444822888283379,
        0.6702571525885559,
        0.7387602179836512,
        0.7723092643051771,
        0.793724455040872,
        0.8029206403269755,
        0.807774182561308,
        0.8120742506811989,
        0.8082850817438693,
        0.8022820163487738,
        0.7935967302452316,
        0.7885728882833788,
        0.8221645095367848
    ],
    "val_eer": [
        14.150116405006843,
        12.768342919939398,
        12.768342919939398,
        13.605410847739707,
        12.768342919939398,
        11.89522596546281,
        12.295735416024822,
        10.04084497648079,
        11.823127912110252,
        10.621599560424205,
        12.367833469377382,
        11.058158037662496,
        11.094207064338777
    ],
    "val_mindcf": [
        0.5343132739821317,
        0.4239365537130497,
        0.3734679163662581,
        0.32660418168709443,
        0.3165104542177361,
        0.3850036049026676,
        0.29920692141312183,
        0.3157894736842105,
        0.31795241528478724,
        0.3136265320836337,
        0.34036951046374675,
        0.29560201874549386,
        0.37065069287182173
    ]
}