{
    "train_loss": [
        8.940306387026666,
        7.527480985841699,
        6.923591942813515,
        6.56892958266959,
        6.336778145271111,
        6.184748400706613,
        6.039757691562505,
        5.94265461165602,
        5.837931640042784,
        5.739285529845327,
        5.63919748917469,
        5.367524278098048
    ],
    "train_acc": [
        0.18771844680385036,
        0.25987695391336196,
        0.2970413353973331,
        0.3218474177983255,
        0.3387505684850624,
        0.3492637026622809,
        0.3600390782837051,
        0.36412092793876955,
        0.3672923544658482,
        0.36779009735633655,
        0.3664142509356388,
        0.3908023893339199
    ],
    "val_eer": [
        17.390000000000583,
        16.249999999999623,
        15.239999999999993,
        16.069999999965216,
        14.940000000031024,
        15.42000000004451,
        14.400000000000004,
        15.899999999966624,
        16.160000000022677,
        14.789999999999534,
        15.280000000000008,
        14.57000000000237
    ],
    "val_mindcf": [
        0.036055000000000004,
        0.03252,
        0.033460000000000004,
        0.03592000000000001,
        0.03541,
        0.03628000000000001,
        0.034325,
        0.036585,
        0.032240000000000005,
        0.030645000000000002,
        0.028735,
        0.027215000000000003
    ]
}