{
    "train_loss": [
        1.4993279172281913,
        0.6658917756151096,
        0.6106852466690129,
        0.6464393364414206,
        0.7168298085320172,
        0.8100267610614523,
        0.9209035620548455,
        1.0426880323299634,
        1.1892782156338246,
        1.349969039350895,
        1.5270838148370751,
        1.724828229749144,
        1.9388507170512759,
        2.174386163850136,
        2.4215561919376767,
        2.689994037280529,
        2.6602273318567886,
        2.15584154102245
    ],
    "train_acc": [
        0.7238666529843373,
        0.8508678845114309,
        0.8562219485508398,
        0.8470235814601917,
        0.8333813400808814,
        0.8162577540651331,
        0.7977114121549822,
        0.7778496168634574,
        0.7557255747165585,
        0.7313567323520266,
        0.7055262497728094,
        0.6790441981442457,
        0.6517700921373414,
        0.6244990649481712,
        0.596215106736263,
        0.5689506933019666,
        0.575210271844723,
        0.6446153639125974
    ],
    "val_eer": [
        8.935799801035987,
        8.453826626873862,
        8.3522006106137,
        7.523755617303007,
        7.1434084594010505,
        7.937978113958355,
        7.1434084594010505,
        6.7630613014990875,
        7.177283798154438,
        6.661435285238926,
        6.7630613014990875,
        7.557630956056394,
        6.314963466090356,
        6.3827141435971315,
        6.7630613014990875,
        7.211159136907826,
        6.7630613014990875,
        6.7969366402524765
    ],
    "val_mindcf": [
        0.21341463414634146,
        0.17208672086720866,
        0.28409831566669996,
        0.22018970189701897,
        0.29471544715447157,
        0.1470189701897019,
        0.13008130081300814,
        0.268970189701897,
        0.20663956639566397,
        0.1714092140921409,
        0.1632791327913279,
        0.20596205962059622,
        0.17615176151761516,
        0.24119241192411925,
        0.16124661246612465,
        0.18089430894308944,
        0.2005420054200542,
        0.15176151761517614
    ]
}