{
    "train_loss": [
        11.784013997919349,
        11.088148917647551,
        10.838108478494512,
        10.664438271695126,
        10.500087061129467,
        10.269746723661342,
        9.870984411254634,
        9.133662580880948,
        8.199339529835356,
        7.736040601349117
    ],
    "train_acc": [
        0.009029745042492918,
        0.01724200606285156,
        0.028312788247302302,
        0.03682612630207095,
        0.041518052647680014,
        0.04711000260046566,
        0.05221291620437927,
        0.05540801070192005,
        0.0451662595289137,
        0.03610914384639597
    ],
    "val_eer": [
        34.37,
        34.11,
        33.09999999998493,
        32.03000000002103,
        30.80999999998033,
        31.259999999999984,
        32.540000000000006,
        33.07000000000567,
        34.449999999997836,
        35.37999999996893
    ],
    "val_mindcf": [
        0.049555,
        0.049370000000000004,
        0.04936000000000001,
        0.048785,
        0.049105,
        0.047835,
        0.04762500000000001,
        0.04842500000000001,
        0.04948,
        0.049585000000000004
    ]
}