{
    "train_loss": [
        8.961941826014229,
        7.544619238837647,
        6.95547269167821,
        6.604119926658124,
        6.354817968442295,
        6.200010258519188,
        6.077874793005253,
        5.975054241082945,
        5.860603655372535,
        5.782155071437688,
        5.460154161400558,
        5.39269759799894,
        5.337619351286914,
        5.315906321212073,
        5.296696873066834,
        5.2770063061740515,
        5.249842053421294,
        5.243747287824009,
        5.22283901773105,
        5.064512507428121,
        5.026750566682763,
        5.003036214962848,
        4.996574877177813,
        5.00404279225439,
        4.992185225144276,
        4.991977236284077,
        4.98406319170367,
        4.972482016205129,
        4.965274894896133,
        4.967915181692134,
        4.961645598701351,
        4.95382681986245,
        4.948197703796197,
        4.941962898567895,
        4.833506779380925
    ],
    "train_acc": [
        0.1854610227707012,
        0.25773901764859153,
        0.29458862518408024,
        0.31914352007333746,
        0.3363617605431962,
        0.348256110190028,
        0.35697640142717413,
        0.36285762110138464,
        0.36657395397431286,
        0.3648306958253871,
        0.3933422677177751,
        0.39519448607995367,
        0.3963693614328764,
        0.39393686413435647,
        0.3909926222832822,
        0.3898469082640679,
        0.38985711999690337,
        0.3886782441679285,
        0.3886634003144601,
        0.4095024887122502,
        0.41335210045233617,
        0.4156772166819862,
        0.4165965882289476,
        0.4151975811845031,
        0.41717170865496217,
        0.4165712168121206,
        0.41678545259309735,
        0.4185696629447173,
        0.41887559375380945,
        0.41910330480304214,
        0.41940755119639866,
        0.4201157399550986,
        0.4205252619244117,
        0.4217246664821772,
        0.4372141768260555
    ],
    "val_eer": [
        17.719999999981376,
        16.359999999999992,
        15.51999999999975,
        14.860000000014542,
        15.919999999999984,
        14.85000000005029,
        15.060000000035132,
        15.70999999988639,
        15.55000000000281,
        15.310000000000102,
        13.450000000056717,
        12.66999999999287,
        12.799999999975634,
        12.829999999913532,
        12.16000000003421,
        13.449999999966083,
        14.070000000000004,
        12.480000000034952,
        12.669999999819648,
        10.289999999935038,
        10.580000000014845,
        11.38999999999938,
        10.250000000000165,
        9.960000000000004,
        10.12999999993359,
        9.310000000117231,
        9.219999999977475,
        9.630000000000008,
        9.8499999998938,
        8.719999999802114,
        9.110000000013407,
        9.749999999999998,
        9.499999999999993,
        9.439999999813061,
        8.720000000067527
    ],
    "val_mindcf": [
        0.0376,
        0.03268,
        0.033525,
        0.035140000000000005,
        0.03509,
        0.037559999999999996,
        0.03933,
        0.034125,
        0.03484,
        0.03427500000000001,
        0.027575000000000002,
        0.025369999999999997,
        0.024965,
        0.024825,
        0.024280000000000003,
        0.024535000000000005,
        0.02658,
        0.024695,
        0.023915000000000002,
        0.021785000000000002,
        0.022100000000000005,
        0.023850000000000003,
        0.02288,
        0.022335,
        0.02181,
        0.02227,
        0.02015,
        0.02348,
        0.020845,
        0.02083,
        0.023045000000000003,
        0.0225,
        0.022084999999999997,
        0.02297,
        0.020885
    ]
}