{
    "train_loss": [
        4.229873557446411,
        3.85154929082038,
        3.974688215282082,
        4.201455784502609,
        4.467438204841719,
        4.767688003165945,
        5.102706155987734,
        5.461782268397716,
        5.8208269844397655,
        6.1986803654807705,
        6.335793023873429,
        6.696712817539827,
        7.090476469967247,
        7.487366611391141,
        7.869350238399611,
        8.211993157534309,
        8.061066066626028,
        7.7605211568800785
    ],
    "train_acc": [
        0.34665907980328764,
        0.39923317274336,
        0.4077616518949935,
        0.4089500025244049,
        0.4052768326349021,
        0.40013285776528207,
        0.3922631931321397,
        0.3812245233118205,
        0.371638024693036,
        0.3609249722068481,
        0.37520655065939573,
        0.36501577027265536,
        0.3513579495662813,
        0.3360758320978992,
        0.32213418845149033,
        0.3069739800872724,
        0.3065150838777505,
        0.3216253916202988
    ],
    "val_eer": [
        18.134541480097308,
        17.614497761167723,
        17.260456698280628,
        14.21776022752647,
        15.932729259951344,
        14.151359165109472,
        15.899528728742846,
        15.412685541021753,
        14.151359165109472,
        16.386371916463936,
        13.66451597738838,
        13.244073852084288,
        11.495904288450914,
        12.303588007850601,
        12.823631726780194,
        11.949546944963508,
        12.790431195571694,
        11.495904288450914
    ],
    "val_mindcf": [
        0.5628224564867376,
        0.7188649531666843,
        0.8612217795484728,
        0.7900609949582206,
        0.8864541832669323,
        0.8626967058021603,
        0.9083665338645419,
        0.9130146082337317,
        0.8993641951368572,
        0.8645418326693227,
        0.8152933986766803,
        0.7834208887165207,
        0.6508773166919346,
        0.7277556440903055,
        0.8114562399370079,
        0.7467533993818238,
        0.5564409030544488,
        0.5378486055776892
    ]
}