{
    "train_loss": [
        1.2481828846015814,
        0.6969456837330407,
        0.703091727674133,
        0.7794833247086255,
        0.8914564148976195,
        1.0270111727483902,
        1.1830952747789425,
        1.3594893472905094,
        1.5424934620918742,
        1.7445843967443142,
        1.9621259541880554,
        2.1977200720083654,
        2.4470856434484944,
        2.7125177331019716,
        2.995433772589289,
        2.8539932493662703
    ],
    "train_acc": [
        0.7660629861321566,
        0.8417828527523612,
        0.8357199182335281,
        0.8198410056317659,
        0.7998644912374682,
        0.7774078833975269,
        0.7528213855309623,
        0.7276029489202919,
        0.7029130231019352,
        0.6778251920037597,
        0.6521081641084993,
        0.6265776291132663,
        0.6005623738729317,
        0.5742226008303262,
        0.5503368727092085,
        0.5763665231851315
    ],
    "val_eer": [
        10.597996581640379,
        10.497392959909996,
        10.497392959909996,
        10.065770969905454,
        10.132840051059043,
        9.667683520477706,
        8.77090499989182,
        8.406352091040867,
        8.27221392873369,
        8.737370459315027,
        7.375435408147812,
        8.737370459315027,
        9.667683520477706,
        8.837974081045411,
        8.77090499989182,
        8.77090499989182
    ],
    "val_mindcf": [
        0.41619610133921775,
        0.35717530992406016,
        0.3491270201856295,
        0.318275242854979,
        0.23138832997987926,
        0.2800458665974337,
        0.23943661971830985,
        0.2427900737759893,
        0.23943661971830985,
        0.249864780078319,
        0.21864520456069753,
        0.20389000670690813,
        0.16901408450704225,
        0.26291079812206575,
        0.21059691482226695,
        0.2635814889336016
    ]
}