{
    "train_loss": [
        4.94492851025855,
        3.2066716838528326,
        2.739410265951064,
        2.500759274809488,
        2.3810654546061203,
        2.3330206016015156,
        2.242071402491517,
        2.1866260425757877,
        2.154159845574984,
        1.840955101760016,
        1.822708503560872,
        1.8954690780292678,
        2.324952249816297,
        4.222668165372517,
        4.265041659058149
    ],
    "train_acc": [
        0.39283529227364844,
        0.5141263903008835,
        0.5549085500426455,
        0.5794659387675801,
        0.5917801537630853,
        0.5954071092568716,
        0.6064314312060408,
        0.6143113822741617,
        0.6176914071701276,
        0.6636083567874632,
        0.6642223661349891,
        0.6513985636065073,
        0.5879760347386773,
        0.3748639407114833,
        0.37083258107925177
    ],
    "val_eer": [
        17.190000000000005,
        16.18000000000358,
        15.299999999930842,
        15.43000000000002,
        14.080000000038643,
        15.050000000000798,
        14.91,
        14.58999999999955,
        15.390000000015622,
        12.730000000024196,
        12.889999999950783,
        13.680000000000003,
        14.209999999940406,
        17.500000000084245,
        17.939999999966176
    ],
    "val_mindcf": [
        0.035525,
        0.034530000000000005,
        0.031145,
        0.03178,
        0.029865,
        0.030165,
        0.029130000000000003,
        0.030845000000000004,
        0.029410000000000002,
        0.026145,
        0.02877,
        0.02939,
        0.031025000000000004,
        0.034890000000000004,
        0.038329999999999996
    ]
}