{
    "train_loss": [
        2.0085399290639394,
        1.1114846723102734,
        1.0441393103141812,
        1.0917435932636919,
        1.1793043128034686,
        1.2964458508221484,
        1.4451273443537522,
        1.6182090927224133,
        1.810537947129808,
        2.029110348191709,
        2.2561378642340393,
        2.5060138383952295,
        2.774909898852775,
        2.6472334325972184,
        2.8749959385197466,
        3.1665749885429992,
        3.141165253536477,
        3.125870993519356,
        3.114749636307606,
        3.111803998966902,
        3.0926791049169573,
        2.739592034645502
    ],
    "train_acc": [
        0.649476990959921,
        0.7710824855124753,
        0.7765598681091603,
        0.7645336081639179,
        0.7496040585785281,
        0.7307313072582635,
        0.7094762750916718,
        0.6854687078881659,
        0.6612804877988542,
        0.6373169257825251,
        0.6134626397935067,
        0.5900985168653299,
        0.5663184501683515,
        0.5902749587323785,
        0.5696190498151832,
        0.5481640993396222,
        0.554299454251047,
        0.558026314679101,
        0.5609014957484619,
        0.5622190195058591,
        0.5641292447049315,
        0.606625623218921
    ],
    "val_eer": [
        11.07546216314682,
        10.621819506634234,
        11.84994535133801,
        10.23457791253864,
        10.168176850121641,
        10.168176850121641,
        10.06857525649614,
        10.168176850121641,
        9.294092068304954,
        9.294092068304954,
        9.747734724817546,
        9.39369366193045,
        9.747734724817546,
        8.87364994300086,
        9.194490474679455,
        9.747734724817546,
        8.353606224071267,
        8.420007286488266,
        8.740847818166863,
        9.714534193609046,
        9.294092068304954,
        9.227691005887955
    ],
    "val_mindcf": [
        0.3738379814077025,
        0.3868596410816911,
        0.38313413014608233,
        0.3525896414342629,
        0.3652058432934927,
        0.30677290836653387,
        0.3673447801713502,
        0.3233731739707835,
        0.26693227091633465,
        0.2682602921646746,
        0.27622841965471445,
        0.21779548472775564,
        0.3350668123964321,
        0.2656042496679947,
        0.23904382470119523,
        0.27622841965471445,
        0.2158034528552457,
        0.25697211155378485,
        0.27689243027888444,
        0.30743691899070386,
        0.3171385255438425,
        0.23705179282868527
    ]
}