{
    "train_loss": [
        5.247894600214879,
        3.2157461969891963,
        2.6959047375792298,
        2.469608121583475,
        2.3368515710145727,
        2.2364086952328024,
        2.253132615234312,
        2.094609750420349
    ],
    "train_acc": [
        0.3700372043811814,
        0.5118899280689039,
        0.559764940699161,
        0.5826518494779892,
        0.5967210871080009,
        0.6090308541586386,
        0.6031782694284429,
        0.6263208925559376
    ],
    "val_eer": [
        16.220000000003974,
        16.19000000005166,
        15.510000000009269,
        17.380000000001598,
        16.51999999998749,
        17.190000000006727,
        20.469999999917494,
        21.600000000000428
    ],
    "val_mindcf": [
        0.03158,
        0.027930000000000003,
        0.028185,
        0.029679999999999998,
        0.027424999999999998,
        0.029055,
        0.03255,
        0.03336
    ]
}