{
    "train_loss": [
        5.544208123833347,
        5.709084391269112,
        6.095461394546467,
        6.588112216554481,
        7.069338335977913,
        7.5796912047778555,
        8.09008845711274,
        8.667028699973624,
        9.1996995759595,
        9.75302771846345,
        10.327239608244934,
        10.906762507695918,
        11.306596360999167,
        11.888759366173186,
        12.502786711711,
        13.127212620561064,
        13.066756503133748,
        12.866745187411192,
        12.802004595868269,
        12.785114371484243,
        12.689619152682354,
        12.65842578066792,
        12.532248351489491
    ],
    "train_acc": [
        0.08672513623978202,
        0.06846049046321526,
        0.04862057220708447,
        0.031037125340599454,
        0.02201123978201635,
        0.015114100817438691,
        0.012346730245231608,
        0.01098433242506812,
        0.009494209809264305,
        0.008898160762942779,
        0.007493188010899182,
        0.007833787465940054,
        0.00800408719346049,
        0.007408038147138965,
        0.0069822888283378745,
        0.00676941416893733,
        0.007493188010899182,
        0.007876362397820164,
        0.010814032697547684,
        0.00928133514986376,
        0.010388283378746595,
        0.011197207084468665,
        0.01272990463215259
    ],
    "val_eer": [
        36.55879485086502,
        36.594843877541294,
        34.0115420407878,
        35.61357984303587,
        34.4481005180261,
        35.249119419150134,
        33.903394960758966,
        30.446976169528885,
        33.46683648352067,
        31.72060257456749,
        31.284044097329193,
        30.847485620090897,
        26.95450835162252,
        28.19208572998485,
        28.993104631108878,
        29.065202684461443,
        29.065202684461443,
        26.481900847707944,
        28.300232810013686,
        27.647380172717718,
        27.719478226070276,
        28.119987676632284,
        27.75552725274656
    ],
    "val_mindcf": [
        0.9206921413121846,
        0.8947368421052632,
        0.8969664823455059,
        0.8609174556692262,
        0.8940825602114035,
        0.8717321636721101,
        0.8904776575437756,
        0.8191005847247416,
        0.8277523511270487,
        0.8205425457917928,
        0.8291943121941,
        0.8133327404565368,
        0.809727837788909,
        0.779446655380834,
        0.8104488183224345,
        0.809727837788909,
        0.802518032453653,
        0.7960292076519226,
        0.791703324450769,
        0.8133327404565368,
        0.8248684289929464,
        0.7938662660513459,
        0.8176586236576905
    ]
}