{
    "train_loss": [
        1.50470023756544,
        0.6709652144656393,
        0.615085930377979,
        0.6538452647971402,
        0.7235308570491856,
        0.8181824105361413,
        0.927695959043033,
        1.0541783580492283,
        1.1983458253315518,
        1.359647035369732,
        1.535811221200257,
        1.7312511335100447,
        1.9448022534694578,
        2.1787165562507553,
        2.434450793148849,
        2.704022701315105,
        2.669393932243873,
        2.6442622961081894,
        2.1427115646136805
    ],
    "train_acc": [
        0.7241988232100538,
        0.8493788770266941,
        0.8558701651202046,
        0.8453598795853224,
        0.8326874657922191,
        0.8148453749341917,
        0.7960441753312285,
        0.7753290914079826,
        0.7524127668347852,
        0.7286138478405957,
        0.7035922961164578,
        0.6772215380457235,
        0.6500451559973468,
        0.6225798212013809,
        0.5940025770840387,
        0.5657260308359644,
        0.5727564541107328,
        0.5781979793868042,
        0.6465187693816687
    ],
    "val_eer": [
        8.107354807725294,
        8.48770196562725,
        8.48770196562725,
        8.005728791465131,
        7.557630956056394,
        8.453826626873862,
        8.419951288120476,
        7.177283798154438,
        7.523755617303007,
        6.314963466090356,
        7.245034475661213,
        5.900740969435008,
        6.7630613014990875,
        5.486518472779664,
        6.00236698569517,
        6.7630613014990875,
        6.7630613014990875,
        6.7630613014990875,
        6.729185962745701
    ],
    "val_mindcf": [
        0.247289972899729,
        0.23577235772357724,
        0.236449864498645,
        0.24119241192411925,
        0.2086720867208672,
        0.21205962059620595,
        0.2161246612466125,
        0.23667284141195746,
        0.22628726287262874,
        0.21273712737127373,
        0.18224932249322492,
        0.18834688346883469,
        0.17479674796747968,
        0.16869918699186992,
        0.18089430894308944,
        0.1592140921409214,
        0.16802168021680214,
        0.17750677506775067,
        0.17886178861788618
    ]
}