{
    "train_loss": [
        1.3153777094662482,
        0.652221474027986,
        0.6462989606557809,
        0.6921192385674697,
        0.7728717866026122,
        0.8731455264097364,
        0.998342902026153,
        1.142401161804575,
        1.3035835194059193,
        1.4833343983871008,
        1.6728648370709913,
        1.877382155369068,
        2.107922043624183,
        2.339750486782619,
        2.594148292964315,
        2.377067949431283
    ],
    "train_acc": [
        0.7557866949518326,
        0.8525088943636476,
        0.8480630815557658,
        0.8371671455951747,
        0.8216676929431596,
        0.8041518427350838,
        0.7824228014969473,
        0.7595660007293589,
        0.7344470671479925,
        0.7092180943254179,
        0.6844598385383343,
        0.6589776044526123,
        0.6324335203499629,
        0.6077379812043289,
        0.5823116219689694,
        0.6190380405087776
    ],
    "val_eer": [
        7.591506294809782,
        7.177283798154438,
        7.523755617303007,
        7.591506294809782,
        6.348838804843745,
        6.4165894823505205,
        6.4165894823505205,
        6.00236698569517,
        6.314963466090356,
        5.520393811533052,
        5.0722959761243205,
        5.934616308188395,
        5.554269150286439,
        6.247212788583583,
        5.900740969435008,
        5.900740969435008
    ],
    "val_mindcf": [
        0.17818428184281843,
        0.19579945799457996,
        0.19241192411924118,
        0.17208672086720866,
        0.22831978319783197,
        0.14905149051490515,
        0.17953929539295393,
        0.17344173441734417,
        0.1856368563685637,
        0.13414634146341464,
        0.13075880758807587,
        0.17818428184281843,
        0.18766937669376693,
        0.15040650406504066,
        0.18495934959349594,
        0.12669376693766937
    ]
}