{
    "train_loss": [
        4.225035991062776,
        3.8433028973927157,
        3.959221269280871,
        4.17756161320934,
        4.454476830774908,
        4.751758132125791,
        5.086074341067952,
        5.433390601234541,
        5.789484581170161,
        6.177577247869903,
        6.55420592351513,
        6.936175073576237,
        7.30769747528582,
        7.6098015408489585,
        7.827182192433605,
        7.974677448904975,
        7.724573603519419,
        7.56319488148663,
        7.468848691987728,
        7.417812918036024,
        7.382711948742524,
        7.138187269874699
    ],
    "train_acc": [
        0.34736990044459454,
        0.4011955093612987,
        0.41036764333919923,
        0.4114941972066026,
        0.40739476653587753,
        0.4014156405767683,
        0.3941129901626492,
        0.3840717010817475,
        0.3745035204110225,
        0.36291562794651117,
        0.3520496100516609,
        0.34076354264883707,
        0.3273061666205443,
        0.31219375336861743,
        0.29240563097744354,
        0.26373225053700294,
        0.24957237063356527,
        0.23931600356793536,
        0.23488695509114318,
        0.2332011774017666,
        0.23214368430784393,
        0.2476421430706978
    ],
    "val_eer": [
        18.134541480097308,
        17.614497761167723,
        16.77361351055953,
        15.445886072230252,
        16.03233085357684,
        15.965929791159844,
        15.379485009813255,
        16.386371916463936,
        15.932729259951344,
        15.479086603438752,
        14.704603415247563,
        13.343675445709785,
        11.949546944963508,
        12.049148538589005,
        13.69771650859688,
        13.631315446179881,
        11.07546216314682,
        12.724030133154695,
        12.4031896014761,
        11.949546944963508,
        13.210873320875788,
        11.495904288450914
    ],
    "val_mindcf": [
        0.6415811679535547,
        0.6892430278884463,
        0.7815405046480745,
        0.8413014608233732,
        0.8559096945551129,
        0.9083665338645419,
        0.8731739707835325,
        0.9415670650730412,
        0.905046480743692,
        0.9236387782204515,
        0.8698539176626826,
        0.853253652058433,
        0.6739707835325365,
        0.5800867327151572,
        0.4001398535650908,
        0.5097016065531386,
        0.5213952449787871,
        0.6086391895544666,
        0.4588313413014608,
        0.5233872768512972,
        0.4342629482071714,
        0.5451527224435591
    ]
}