{
    "train_loss": [
        11.676952438459871,
        10.989382249874305,
        10.75532524414484,
        10.592259246077985,
        10.393441171804186,
        10.058524892870233,
        9.35827551704744,
        8.23085897034703,
        7.690306444589605,
        7.597681989590766,
        7.519638430611205
    ],
    "train_acc": [
        0.006934396475965147,
        0.014794375757733102,
        0.025505533283422005,
        0.03235118245469273,
        0.037763820576239684,
        0.04387812036712196,
        0.047788160288119844,
        0.03955455801104973,
        0.028409875690607735,
        0.02776674723756906,
        0.03032199585635359
    ],
    "val_eer": [
        34.12,
        35.2700000000082,
        32.630000000000194,
        32.440000000001525,
        31.850000000008592,
        31.030000000000012,
        34.31999999999619,
        34.7,
        36.020000000018996,
        36.07000000000036,
        35.880000000076876
    ],
    "val_mindcf": [
        0.0488,
        0.048655000000000004,
        0.048745000000000004,
        0.047785,
        0.048720000000000006,
        0.04774,
        0.048315000000000004,
        0.049255,
        0.049580000000000006,
        0.049490000000000006,
        0.049385000000000005
    ]
}