{
    "train_loss": [
        5.7815161207104255,
        5.840028971203124,
        6.339341115292923,
        6.899506522410483,
        7.472728467119333,
        8.051141162998768,
        8.639737810877806,
        9.227663408326839,
        9.795699156713749,
        10.330416150119424,
        10.577223285653973,
        10.108066595720322
    ],
    "train_acc": [
        0.12998206104198212,
        0.10013675296380704,
        0.07977193100635188,
        0.0673957350751313,
        0.06233461207982914,
        0.05825381518562854,
        0.0542132335596651,
        0.051575448895027624,
        0.04990177789281086,
        0.04794596836629494,
        0.0457230747198861,
        0.04390780807817509
    ],
    "val_eer": [
        37.5968103985239,
        36.722725616707216,
        35.74903924126503,
        35.36179764716943,
        34.90815499065684,
        34.45451233414425,
        33.226386489440465,
        35.36179764716943,
        35.78223977247353,
        35.39499817837793,
        35.46139924079493,
        37.17636827321981
    ],
    "val_mindcf": [
        0.9661354581673307,
        0.9488711819389112,
        0.9349269588313414,
        0.9150066401062418,
        0.9229747675962815,
        0.9249667994687916,
        0.9189907038512616,
        0.950199203187251,
        0.9661354581673307,
        0.9575033200531209,
        0.9249667994687916,
        0.9422310756972113
    ]
}