{
    "train_loss": [
        4.372753168600777,
        3.9792039353854256,
        4.098736699137029,
        4.312684471291268,
        4.57005904379002,
        4.870545240554714,
        5.189272227135701,
        5.52424161247311,
        5.889998877765174,
        6.244416029827753,
        6.6349805111325235,
        7.00924049971199,
        7.363076136177503,
        7.680982712645706,
        7.935826382773606,
        8.103115833890037,
        7.836557058106814,
        7.473145625859189
    ],
    "train_acc": [
        0.3341882381568287,
        0.3924656755094225,
        0.404031053706089,
        0.40589952752167674,
        0.40490969400155236,
        0.3988729711501224,
        0.39288585758974687,
        0.3844272608197182,
        0.37511162088845634,
        0.3656304741303501,
        0.35409845390202005,
        0.34308134382875005,
        0.33096791134527503,
        0.31792323561933455,
        0.29927848428159454,
        0.27561506959189025,
        0.26286334524486366,
        0.2707651205686867
    ],
    "val_eer": [
        16.32236647354844,
        14.482809658730494,
        14.022920455026009,
        11.72347443650357,
        11.198943991687257,
        11.7881156776154,
        11.101982130019513,
        11.263585232799086,
        10.279165584278283,
        10.706734167426854,
        10.279165584278283,
        9.819276380573793,
        9.391707797425225,
        9.851597001129708,
        12.643252843912546,
        15.434908686695382,
        12.086401778540317,
        10.739054787982768
    ],
    "val_mindcf": [
        0.6343571217128106,
        0.5283454862894105,
        0.4837430299222482,
        0.4527152341885701,
        0.4303173462051966,
        0.4645772039944662,
        0.38225628137667617,
        0.42815156256607506,
        0.3408858870651053,
        0.37191368279878345,
        0.35058207323187984,
        0.353167722876353,
        0.42902452138296004,
        0.4934392160890226,
        0.4779253182221836,
        0.56260534407868,
        0.4850358547444848,
        0.4688755444665275
    ]
}