{
    "train_loss": [
        9.105835491206836,
        7.706572816324639,
        7.096966663170882,
        6.720642223274104,
        6.483277159814832,
        6.304770589737837,
        6.156252687968734,
        6.054697752148992,
        5.957030139256094,
        5.863635496182152,
        5.567007399670988,
        5.494580982689742,
        5.450537837748637,
        5.40245553176659,
        5.380560866233722,
        5.35574830580253,
        5.3214210859814415,
        5.306828984007507,
        5.281721777686316,
        5.275669423671575,
        5.2563917379466325,
        5.247148401826517,
        5.241841892119958,
        5.229050830433419,
        5.229887634168678,
        5.215652343721783,
        5.200478174568611,
        5.209754776947146,
        5.190875292950019,
        5.1848871980330316,
        5.176866028569275,
        5.165510140089708,
        5.164219660994614,
        5.1514137256509445,
        5.142506208740993,
        5.142943011314793,
        5.136162518104142,
        5.12706127713077,
        5.129399573311402,
        5.129875361713029,
        5.114363549751496,
        5.1127134233966425,
        4.957989012178175,
        4.928201211935925,
        4.927757549030735,
        4.915660534334288,
        4.911064100670747,
        4.816660451783974,
        4.794513714024583,
        4.787494149416695
    ],
    "train_acc": [
        0.19142148560947841,
        0.25962890545302003,
        0.2953762436554722,
        0.32033484555994296,
        0.3379264687793901,
        0.3508826175931493,
        0.3606943503599104,
        0.3665497427208828,
        0.37105242674891814,
        0.3728464866373049,
        0.3995018543632743,
        0.40306046516932065,
        0.4033294672256076,
        0.4020272235206962,
        0.39980036539966896,
        0.3973012977157481,
        0.3961046875592557,
        0.39470301144971837,
        0.3946591756668037,
        0.39327931053277493,
        0.3932230724247514,
        0.39280609784165305,
        0.3921601079781925,
        0.3920782098970512,
        0.39320938710825676,
        0.39346791134527503,
        0.3954050255939951,
        0.3937788247067785,
        0.39554722462204744,
        0.39547067236179895,
        0.3959532937127012,
        0.39713792920788016,
        0.3969559572217297,
        0.3984352547510037,
        0.3995527466457146,
        0.3986702573573323,
        0.3998544651793353,
        0.40085221052657594,
        0.4010025352042615,
        0.40095164292182117,
        0.4030020887235594,
        0.40230306825399176,
        0.4224959713860357,
        0.42642023681956415,
        0.42728091513243793,
        0.42816768109629577,
        0.4294017120318702,
        0.44330749374386047,
        0.44548730857536634,
        0.4467589741500624
    ],
    "val_eer": [
        16.689999999994786,
        14.660000000002569,
        12.84999999999998,
        13.170000000123839,
        12.97999999988855,
        12.040000000000063,
        12.109999999999907,
        12.43999999999947,
        12.999999999999998,
        13.000000000001839,
        10.940000000072775,
        10.749999999999977,
        10.510000000000955,
        11.6300000000306,
        10.89999999999117,
        11.789999999936564,
        10.209999999999994,
        11.879999999999995,
        11.160000000002146,
        10.149999999999968,
        11.069999999997243,
        11.480000000003319,
        10.89999999999971,
        9.939999999999975,
        11.099999999999941,
        10.920000000000838,
        10.139999999999405,
        9.689999999952121,
        8.959999999999184,
        8.070000000036885,
        8.58,
        8.36000000009627,
        7.980000000003439,
        8.000000000015703,
        8.120000000000068,
        8.579999999999993,
        7.929999999989665,
        7.749999999999744,
        8.15999999999491,
        7.750000000000059,
        7.959999999999366,
        7.9399999999683235,
        7.369999999981645,
        7.649999999992891,
        7.850000000071436,
        7.770000000009052,
        7.560000000001052,
        7.340000000003423,
        7.400000000000026,
        7.090000000067534
    ],
    "val_mindcf": [
        0.03699,
        0.033305,
        0.02793,
        0.029965000000000002,
        0.026730000000000004,
        0.027150000000000004,
        0.028545,
        0.025345,
        0.028110000000000003,
        0.027775,
        0.022025000000000003,
        0.02332,
        0.02244,
        0.02512,
        0.022739999999999996,
        0.022699999999999998,
        0.021205,
        0.023489999999999997,
        0.024489999999999998,
        0.020650000000000005,
        0.022065,
        0.024560000000000002,
        0.023155000000000002,
        0.02097,
        0.023335,
        0.02197,
        0.02099,
        0.021005,
        0.020054999999999996,
        0.018615,
        0.020075000000000003,
        0.020700000000000003,
        0.01854,
        0.018115000000000003,
        0.018915,
        0.019545000000000003,
        0.019365,
        0.01864,
        0.018225,
        0.018205,
        0.018165,
        0.01922,
        0.018545,
        0.01752,
        0.019450000000000002,
        0.01823,
        0.017705,
        0.017785000000000002,
        0.016745000000000003,
        0.017425
    ]
}