{
    "train_loss": [
        2.1007663154887224,
        1.1318803802296769,
        1.0255750274091613,
        1.0598431038226126,
        1.1417923005433213,
        1.2449260778141202,
        1.3772545748436869,
        1.5393853967843432,
        1.72048506430571,
        1.6182599762606478,
        1.7911601667888968,
        2.015149724569792,
        2.2640165586234415,
        2.5309427818262917,
        2.513779795428736
    ],
    "train_acc": [
        0.6437414039183158,
        0.7728371635187261,
        0.7836357361309026,
        0.7746425565586624,
        0.7593738025451254,
        0.7431487868070077,
        0.7225051234456628,
        0.7008237279470814,
        0.6765115435745568,
        0.6986007188189731,
        0.6744508337854476,
        0.647647921210533,
        0.6202881871847226,
        0.5939426636373167,
        0.6036057824003348
    ],
    "val_eer": [
        10.246844963722369,
        9.786955760017879,
        8.867177352608907,
        9.851597001129708,
        8.407288148904422,
        8.471929390016252,
        8.770215490941162,
        8.439608769460337,
        8.407288148904422,
        6.9952999172350445,
        8.374967528348506,
        7.487509741495449,
        8.439608769460337,
        7.487509741495449,
        7.882757704088103
    ],
    "val_mindcf": [
        0.48461598873913336,
        0.4320300370327848,
        0.3137365657981371,
        0.35122848564299813,
        0.3279576388427395,
        0.4083393242271747,
        0.3764385696766115,
        0.3609246718097725,
        0.3182614526759651,
        0.28206235765334065,
        0.3206205559146736,
        0.25685227361972723,
        0.265255634964265,
        0.24069196334176984,
        0.28076953283110406
    ]
}