{
    "train_loss": [
        5.327502073536236,
        5.189698860365041,
        5.555020173307029,
        6.022248026382675,
        6.546093637926323,
        7.105842015566231,
        7.620216727664704,
        7.679137756963189,
        7.464911718561826,
        7.684805514091377,
        7.97326563370482,
        8.225678109846545,
        8.366821378367485
    ],
    "train_acc": [
        0.12904413377659732,
        0.12943435650590032,
        0.11418357320575062,
        0.10015902501536093,
        0.08965715629551937,
        0.08056928504703703,
        0.07444703746876315,
        0.06743913839607214,
        0.051615145433008686,
        0.043275707229975806,
        0.04274308351320824,
        0.043736878964901915,
        0.0459773743995344
    ],
    "val_eer": [
        34.086237857251035,
        29.966898163172583,
        29.501741632591248,
        29.86629454144221,
        28.07273750027044,
        29.036585102009905,
        28.57142857142857,
        27.6411155102659,
        28.57142857142857,
        28.638497652582164,
        33.08885571493477,
        38.23911209190628,
        39.66811622422708
    ],
    "val_mindcf": [
        0.9221998658618377,
        0.9453711516410286,
        0.97719651240778,
        0.9423205902079141,
        0.9785378940308518,
        0.9336016096579477,
        0.9356136820925554,
        0.9221998658618377,
        0.9590878604963112,
        0.9483568075117371,
        0.971830985915493,
        0.9852448021462107,
        0.9959758551307847
    ]
}