{
    "train_loss": [
        5.29403431018585,
        5.1099158198257975,
        5.424417895988878,
        5.875636630316674,
        6.37697667662146,
        6.899577737253875,
        7.421339102871899,
        7.862695446578153,
        7.9628753492984865,
        7.632009837145876,
        7.671862427753768,
        7.9259501797342535,
        8.126329023051145
    ],
    "train_acc": [
        0.12821348750238937,
        0.12317768199250029,
        0.10857097245202275,
        0.09751299945298086,
        0.08869218664509909,
        0.0827651204161456,
        0.07827700237188433,
        0.07412287903683526,
        0.06970557380045576,
        0.061833036854642955,
        0.051829958036908964,
        0.04962974366002482,
        0.05132195311080059
    ],
    "val_eer": [
        35.024098658708105,
        30.467651195499297,
        28.26103735720902,
        27.018369867242974,
        27.432592363898323,
        26.536396693080853,
        25.293729203114818,
        24.051061713148776,
        24.879506706459466,
        27.018369867242974,
        27.880690199307057,
        27.36484168639155,
        28.19328667970224
    ],
    "val_mindcf": [
        0.9715447154471546,
        0.9209546842303856,
        0.9290847655311987,
        0.8850468251517949,
        0.9390243902439024,
        0.9629601042845861,
        0.9546070460704607,
        0.9288617886178863,
        0.9004065040650406,
        0.9247967479674797,
        0.9444444444444444,
        0.934959349593496,
        0.9688346883468835
    ]
}