{
    "train_loss": [
        1.379196430723913,
        0.6813295543601746,
        0.6802032179674444,
        0.7570673038643202,
        0.8638949161432203,
        0.9929239205369765,
        1.139938640375613,
        1.302769707728135,
        1.4849807330340767,
        1.6837832869730927,
        1.8971537898781738,
        1.7808291404376269,
        1.9939499206647788,
        2.2671454161460476,
        2.5664094282762617,
        2.8873762008279846,
        2.886229629185866,
        2.8876984425832424,
        2.8902435779853946,
        2.5029635295942603
    ],
    "train_acc": [
        0.7442264218147129,
        0.8458130348431622,
        0.840300253971605,
        0.8245091345646596,
        0.8058030299526605,
        0.7843828075211723,
        0.7605135220074284,
        0.7362868647083981,
        0.7113275423383173,
        0.6854464006944844,
        0.6594748553570147,
        0.6824413242348876,
        0.6534485684518235,
        0.6200221517300034,
        0.5870524710481914,
        0.5553134928781202,
        0.5589734092217491,
        0.560447408764511,
        0.5611055169992931,
        0.6113814216486622
    ],
    "val_eer": [
        12.990848315700653,
        12.990848315700653,
        10.665065662793968,
        11.461240561649463,
        11.09668765279851,
        11.029618571644923,
        10.166374591635838,
        11.528309642803054,
        11.130222193375303,
        11.063153112221716,
        11.063153112221716,
        9.667683520477706,
        10.132840051059043,
        10.03223642932866,
        9.600614439324119,
        10.065770969905454,
        11.494775102226258,
        11.461240561649463,
        9.701218061054501,
        9.768287142208088
    ],
    "val_mindcf": [
        0.3722334004024145,
        0.3943661971830986,
        0.4027822851085,
        0.31321260898725684,
        0.35077129443326627,
        0.39741675861621306,
        0.29107981220657275,
        0.32729711602951034,
        0.284070011466649,
        0.32528504359490273,
        0.4081478116007872,
        0.27297116029510393,
        0.3051643192488263,
        0.29107981220657275,
        0.23138832997987926,
        0.23272971160295103,
        0.3313212608987257,
        0.3051643192488263,
        0.29577464788732394,
        0.24748490945674045
    ]
}