{
    "train_loss": [
        9.140841747178271,
        7.710241907454153,
        7.127218426118153,
        6.745656011687685,
        6.494465376319921,
        6.321506105806605,
        6.190732507687677,
        6.083814022936535,
        5.976674385629137,
        5.8882812781269385,
        5.799096382298408,
        5.708848976811261,
        5.635393856980345,
        5.563693994915932,
        5.534375857961677,
        5.4949702066860375,
        5.485564284179058,
        5.462656030798994,
        5.430038442992924,
        5.41599424650056,
        5.397098112451531,
        5.397014303105336,
        5.39188637521832,
        5.3753611008851525,
        5.362062881155738,
        5.34881638384931,
        5.340274821297343,
        5.321623795055765,
        5.313910397186495,
        5.3020105198339955,
        5.2950740871393425,
        5.292246703423154,
        5.297351420282155,
        5.1021350223311925,
        5.077379849859855,
        5.073485505929862,
        5.057259427326672,
        5.0690036131444876,
        5.0647410333325436,
        4.9411597746439915,
        4.921591191911682,
        4.9120558599724795,
        4.891918552796121,
        4.8938915430092385,
        4.824541649879958
    ],
    "train_acc": [
        0.18774761875395435,
        0.25872332217898203,
        0.2929024082761836,
        0.31817898003230277,
        0.3369167487802166,
        0.34808482503155547,
        0.35758051244781797,
        0.36392772098288506,
        0.36926884468449034,
        0.3724652221827977,
        0.37283729181411246,
        0.3721273658521002,
        0.36961418517850875,
        0.3690088236148079,
        0.36561144297889164,
        0.36394846279890536,
        0.362079133655727,
        0.3629731699322468,
        0.3647768523076213,
        0.3662676968344135,
        0.36770871823825363,
        0.36776944684426965,
        0.36813595680872296,
        0.3701509063090774,
        0.3711879969506208,
        0.37221375443592436,
        0.3726957342911337,
        0.37254220210684147,
        0.3745133158149005,
        0.37568426598889443,
        0.37611107690025886,
        0.37611000773139,
        0.3760544111190594,
        0.39783139001996703,
        0.4027762809451136,
        0.4033239075681268,
        0.40568248689793773,
        0.4036822918829469,
        0.4047097600328123,
        0.42170521650706067,
        0.4252118658617978,
        0.4258146614239656,
        0.4277808569796175,
        0.4273589642253506,
        0.4388439411688496
    ],
    "val_eer": [
        16.66999999999998,
        14.270000000037728,
        12.899999999999991,
        12.92000000000037,
        12.560000000047006,
        12.510000000000005,
        12.579999999999982,
        13.68999999994902,
        12.379999999838738,
        12.560000000018817,
        13.660000000011438,
        13.110000000000213,
        11.6099999999994,
        10.979999999997265,
        11.79999999997973,
        10.810000000003333,
        11.640000000011938,
        10.460000000010206,
        10.719999999985088,
        10.480000000000125,
        9.840000000021423,
        8.830000000079805,
        9.989999999999995,
        9.080000000043007,
        9.449999999999994,
        8.27,
        8.470000000022251,
        8.500000000000588,
        7.999999999999869,
        8.560000000000173,
        8.689999999999994,
        8.600000000018284,
        8.389999999999972,
        7.599999999999396,
        7.370000000044616,
        8.059999999999997,
        7.609999999998101,
        7.570000000005949,
        7.810000000000016,
        7.0500000001555705,
        7.140000000001696,
        7.199999999999996,
        7.600000000000397,
        7.40999999999999,
        7.320000000000043
    ],
    "val_mindcf": [
        0.036985000000000004,
        0.033165,
        0.028700000000000003,
        0.029805000000000005,
        0.026320000000000003,
        0.029795000000000002,
        0.029345,
        0.02971,
        0.025835000000000004,
        0.02685,
        0.02806,
        0.026570000000000003,
        0.02538,
        0.024235000000000003,
        0.023835,
        0.022410000000000003,
        0.024145000000000007,
        0.022205000000000003,
        0.023535,
        0.021605,
        0.022674999999999997,
        0.021685,
        0.02142,
        0.02034,
        0.022545000000000003,
        0.0185,
        0.020125,
        0.02026,
        0.019094999999999997,
        0.021325000000000004,
        0.020855000000000002,
        0.022150000000000003,
        0.020655,
        0.019285000000000004,
        0.01823,
        0.01908,
        0.017795000000000005,
        0.018400000000000003,
        0.018250000000000002,
        0.01731,
        0.01698,
        0.017020000000000004,
        0.01856,
        0.01818,
        0.01754
    ]
}