{
    "train_loss": [
        4.387634966408715,
        3.9900732050911603,
        4.1088659002377925,
        4.319564547822428,
        4.581344383108867,
        4.88843696095638,
        5.2051153754827775,
        5.546005432058664,
        5.900511738111059,
        6.2688772833718795,
        6.657660224357415,
        7.043523282347365,
        7.393981141266599,
        7.7066872185192885,
        7.949932330128229,
        8.114471094241337,
        7.855435938440406,
        7.496367321398636
    ],
    "train_acc": [
        0.33205204527633986,
        0.3894978856229917,
        0.40229280425724007,
        0.4043408978987235,
        0.4026047867876124,
        0.3957969817043589,
        0.39038358240860005,
        0.38288231651325966,
        0.3726454835043863,
        0.36292291914549946,
        0.35182690465641653,
        0.3394570862595901,
        0.32726560468789273,
        0.3137881307246215,
        0.29623906029670316,
        0.2722044313067924,
        0.2586042171365854,
        0.26702795911030386
    ],
    "val_eer": [
        14.942698862434984,
        14.482809658730494,
        12.67557346446846,
        13.07082142706112,
        11.594191954279912,
        12.546290982244802,
        12.118722399096232,
        10.343806825390114,
        10.739054787982768,
        10.771375408538683,
        11.658833195391741,
        9.819276380573793,
        9.456349038537054,
        10.739054787982768,
        10.739054787982768,
        11.328226473910915,
        11.263585232799086,
        11.626512574835827
    ],
    "val_mindcf": [
        0.7619269131088813,
        0.6291858224238642,
        0.5529091579119056,
        0.5225277745893459,
        0.5212349497671093,
        0.6026829135680142,
        0.523400733406231,
        0.5359091156232432,
        0.46994182288299935,
        0.5076602891336252,
        0.464770523594053,
        0.39130605513233224,
        0.36890816714895885,
        0.3130901533870188,
        0.4617650079442262,
        0.5373952600450667,
        0.4863286795667214,
        0.4499030381383323
    ]
}