{
    "train_loss": [
        1.3779278222778402,
        0.6817753953497859,
        0.6847203954089375,
        0.7653525455919308,
        0.8741164238700335,
        1.0033792150698388,
        1.1492244316013465,
        1.3124559314769015,
        1.496439506095094,
        1.69536037522261,
        1.9100623421525917,
        1.7925218536088767
    ],
    "train_acc": [
        0.7445153749186794,
        0.8449688772601057,
        0.8395727606988889,
        0.8229822315222717,
        0.8030869675470234,
        0.7816904861461367,
        0.7591577892038,
        0.7351357700574332,
        0.7090289417647412,
        0.6830486463822638,
        0.6570359718002561,
        0.6805777868555546
    ],
    "val_eer": [
        13.288332143398021,
        12.094069795114775,
        10.665065662793968,
        11.42770602107267,
        12.85671015339348,
        11.561844183379847,
        10.03223642932866,
        12.85671015339348,
        10.698600203370761,
        10.564462041063585,
        11.528309642803054,
        11.130222193375303
    ],
    "val_mindcf": [
        0.3866857056316389,
        0.3735747820254863,
        0.3866857056316389,
        0.44808636766837506,
        0.32461435278336687,
        0.3822937625754527,
        0.36388221803941895,
        0.3594902749832327,
        0.36955063715627096,
        0.31522468142186444,
        0.340408039635663,
        0.2904091213950369
    ]
}